{
    "best_threshold": 0.5999999999999998,
    "dev_auc": 0.9036444444444444,
    "dev_f1": 0.8366013071895425,
    "dev_acc": 0.8333333333333334
}