{
    "loss": 0.5910949811587731,
    "accuracy": 0.8466666666666667,
    "auc": 0.9087111111111111,
    "precision": 0.8714285714285714,
    "recall": 0.8133333333333334,
    "f1": 0.8413793103448276,
    "threshold": 0.5999999999999998,
    "confusion_matrix": [
        [
            66,
            9
        ],
        [
            14,
            61
        ]
    ]
}