{
    "loss": 0.7260666258540005,
    "accuracy": 0.82,
    "auc": 0.8892444444444444,
    "precision": 0.8333333333333334,
    "recall": 0.8,
    "f1": 0.8163265306122449,
    "threshold": 0.32999999999999985,
    "confusion_matrix": [
        [
            63,
            12
        ],
        [
            15,
            60
        ]
    ]
}