{
    "best_threshold": 0.5,
    "dev_auc": 0.8804444444444446,
    "dev_f1": 0.8133333333333334,
    "dev_acc": 0.8133333333333334
}