{
    "loss": 0.5752364655832449,
    "accuracy": 0.7533333333333333,
    "auc": 0.8073777777777777,
    "precision": 0.8166666666666667,
    "recall": 0.6533333333333333,
    "f1": 0.725925925925926,
    "threshold": 0.7299999999999996,
    "confusion_matrix": [
        [
            64,
            11
        ],
        [
            26,
            49
        ]
    ]
}