{
    "loss": 0.429125704318285,
    "accuracy": 0.8666666666666667,
    "auc": 0.9256,
    "precision": 0.8985507246376812,
    "recall": 0.8266666666666667,
    "f1": 0.8611111111111112,
    "threshold": 0.5,
    "confusion_matrix": [
        [
            68,
            7
        ],
        [
            13,
            62
        ]
    ]
}