{
    "loss": 0.42211617474754654,
    "accuracy": 0.82,
    "auc": 0.9225777777777778,
    "precision": 0.9615384615384616,
    "recall": 0.6666666666666666,
    "f1": 0.7874015748031497,
    "threshold": 0.5499999999999998,
    "confusion_matrix": [
        [
            73,
            2
        ],
        [
            25,
            50
        ]
    ]
}