{
    "loss": 0.6057054230508705,
    "accuracy": 0.8533333333333334,
    "auc": 0.8931555555555557,
    "precision": 0.9076923076923077,
    "recall": 0.7866666666666666,
    "f1": 0.8428571428571429,
    "threshold": 0.8099999999999996,
    "confusion_matrix": [
        [
            69,
            6
        ],
        [
            16,
            59
        ]
    ]
}