{
    "loss": 0.753346285566998,
    "accuracy": 0.8133333333333334,
    "auc": 0.8778666666666666,
    "precision": 0.8405797101449275,
    "recall": 0.7733333333333333,
    "f1": 0.8055555555555556,
    "threshold": 0.32999999999999985,
    "confusion_matrix": [
        [
            64,
            11
        ],
        [
            17,
            58
        ]
    ]
}