{
    "models": [
        {
            "name": "lipsync_v1",
            "path": "D:\\Projects\\Multimodal-DFD\\core\\weights\\best_fakeavceleb_lipsync_model.pth",
            "max_frames": 16
        },
        {
            "name": "lipsync_tuned",
            "path": "D:\\Projects\\Multimodal-DFD\\core\\weights\\best_fakeavceleb_lipsync_tuned_model.pth",
            "max_frames": 20
        }
    ],
    "dev_threshold": 0.7099999999999996,
    "dev": {
        "accuracy": 0.86,
        "auc": 0.9156444444444445,
        "precision": 0.8857142857142857,
        "recall": 0.8266666666666667,
        "f1": 0.8551724137931035,
        "macro_f1": 0.8598442714126808,
        "balanced_accuracy": 0.86,
        "confusion_matrix": [
            [
                67,
                8
            ],
            [
                13,
                62
            ]
        ]
    },
    "test_dev_threshold": {
        "threshold": 0.7099999999999996,
        "accuracy": 0.8133333333333334,
        "auc": 0.908888888888889,
        "precision": 0.9122807017543859,
        "recall": 0.6933333333333334,
        "f1": 0.7878787878787878,
        "macro_f1": 0.8106060606060606,
        "balanced_accuracy": 0.8133333333333334,
        "confusion_matrix": [
            [
                70,
                5
            ],
            [
                23,
                52
            ]
        ]
    },
    "test_threshold_05": {
        "threshold": 0.5,
        "accuracy": 0.84,
        "auc": 0.908888888888889,
        "precision": 0.8311688311688312,
        "recall": 0.8533333333333334,
        "f1": 0.8421052631578947,
        "macro_f1": 0.8399715504978662,
        "balanced_accuracy": 0.8400000000000001,
        "confusion_matrix": [
            [
                62,
                13
            ],
            [
                11,
                64
            ]
        ]
    }
}