{
    "loss": 0.5898852303624154,
    "accuracy": 0.7266666666666667,
    "auc": 0.7626666666666666,
    "precision": 0.7931034482758621,
    "recall": 0.6133333333333333,
    "f1": 0.6917293233082706,
    "threshold": 0.45999999999999985,
    "confusion_matrix": [
        [
            63,
            12
        ],
        [
            29,
            46
        ]
    ]
}