{
    "loss": 0.3869457642734051,
    "accuracy": 0.8733333333333333,
    "auc": 0.919911111111111,
    "precision": 0.8783783783783784,
    "recall": 0.8666666666666667,
    "f1": 0.87248322147651,
    "threshold": 0.5,
    "confusion_matrix": [
        [
            66,
            9
        ],
        [
            10,
            65
        ]
    ]
}