{
    "single_best_reference": {
        "model": "seed999",
        "threshold": 0.5,
        "accuracy": 0.8733,
        "auc": 0.9199,
        "f1": 0.8725,
        "confusion_matrix": [
            [
                66,
                9
            ],
            [
                10,
                65
            ]
        ]
    },
    "best_combo_by_test_threshold_05": "seed999+seed777+v2_original",
    "best_result_by_test_threshold_05": {
        "threshold": 0.5,
        "accuracy": 0.8933333333333333,
        "auc": 0.9415111111111111,
        "precision": 0.9041095890410958,
        "recall": 0.88,
        "f1": 0.8918918918918919,
        "macro_f1": 0.8933143669985775,
        "balanced_accuracy": 0.8933333333333333,
        "confusion_matrix": [
            [
                68,
                7
            ],
            [
                9,
                66
            ]
        ]
    },
    "all_results": [
        {
            "combo": "seed999+seed777",
            "models": [
                "seed999",
                "seed777"
            ],
            "dev_threshold": 0.5199999999999998,
            "dev": {
                "accuracy": 0.8066666666666666,
                "auc": 0.8830222222222223,
                "precision": 0.7875,
                "recall": 0.84,
                "f1": 0.8129032258064516,
                "macro_f1": 0.8064516129032258,
                "balanced_accuracy": 0.8066666666666666,
                "confusion_matrix": [
                    [
                        58,
                        17
                    ],
                    [
                        12,
                        63
                    ]
                ]
            },
            "test_dev_threshold": {
                "threshold": 0.5199999999999998,
                "accuracy": 0.8866666666666667,
                "auc": 0.9336888888888888,
                "precision": 0.9142857142857143,
                "recall": 0.8533333333333334,
                "f1": 0.8827586206896552,
                "macro_f1": 0.8865406006674083,
                "balanced_accuracy": 0.8866666666666667,
                "confusion_matrix": [
                    [
                        69,
                        6
                    ],
                    [
                        11,
                        64
                    ]
                ]
            },
            "test_threshold_05": {
                "threshold": 0.5,
                "accuracy": 0.88,
                "auc": 0.9336888888888888,
                "precision": 0.9014084507042254,
                "recall": 0.8533333333333334,
                "f1": 0.8767123287671232,
                "macro_f1": 0.8799146059420031,
                "balanced_accuracy": 0.88,
                "confusion_matrix": [
                    [
                        68,
                        7
                    ],
                    [
                        11,
                        64
                    ]
                ]
            }
        },
        {
            "combo": "seed999+seed777+seed123",
            "models": [
                "seed999",
                "seed777",
                "seed123"
            ],
            "dev_threshold": 0.6699999999999997,
            "dev": {
                "accuracy": 0.8333333333333334,
                "auc": 0.898488888888889,
                "precision": 0.8378378378378378,
                "recall": 0.8266666666666667,
                "f1": 0.8322147651006712,
                "macro_f1": 0.8333259255966932,
                "balanced_accuracy": 0.8333333333333333,
                "confusion_matrix": [
                    [
                        63,
                        12
                    ],
                    [
                        13,
                        62
                    ]
                ]
            },
            "test_dev_threshold": {
                "threshold": 0.6699999999999997,
                "accuracy": 0.86,
                "auc": 0.9312,
                "precision": 0.9354838709677419,
                "recall": 0.7733333333333333,
                "f1": 0.8467153284671532,
                "macro_f1": 0.8589404863194662,
                "balanced_accuracy": 0.86,
                "confusion_matrix": [
                    [
                        71,
                        4
                    ],
                    [
                        17,
                        58
                    ]
                ]
            },
            "test_threshold_05": {
                "threshold": 0.5,
                "accuracy": 0.8866666666666667,
                "auc": 0.9312,
                "precision": 0.9264705882352942,
                "recall": 0.84,
                "f1": 0.8811188811188811,
                "macro_f1": 0.8864193131709055,
                "balanced_accuracy": 0.8866666666666667,
                "confusion_matrix": [
                    [
                        70,
                        5
                    ],
                    [
                        12,
                        63
                    ]
                ]
            }
        },
        {
            "combo": "seed999+seed777+v2_original",
            "models": [
                "seed999",
                "seed777",
                "v2_original"
            ],
            "dev_threshold": 0.6599999999999997,
            "dev": {
                "accuracy": 0.84,
                "auc": 0.9104,
                "precision": 0.8695652173913043,
                "recall": 0.8,
                "f1": 0.8333333333333334,
                "macro_f1": 0.8397435897435898,
                "balanced_accuracy": 0.8400000000000001,
                "confusion_matrix": [
                    [
                        66,
                        9
                    ],
                    [
                        15,
                        60
                    ]
                ]
            },
            "test_dev_threshold": {
                "threshold": 0.6599999999999997,
                "accuracy": 0.8733333333333333,
                "auc": 0.9415111111111111,
                "precision": 0.9516129032258065,
                "recall": 0.7866666666666666,
                "f1": 0.8613138686131386,
                "macro_f1": 0.8723747257176122,
                "balanced_accuracy": 0.8733333333333333,
                "confusion_matrix": [
                    [
                        72,
                        3
                    ],
                    [
                        16,
                        59
                    ]
                ]
            },
            "test_threshold_05": {
                "threshold": 0.5,
                "accuracy": 0.8933333333333333,
                "auc": 0.9415111111111111,
                "precision": 0.9041095890410958,
                "recall": 0.88,
                "f1": 0.8918918918918919,
                "macro_f1": 0.8933143669985775,
                "balanced_accuracy": 0.8933333333333333,
                "confusion_matrix": [
                    [
                        68,
                        7
                    ],
                    [
                        9,
                        66
                    ]
                ]
            }
        },
        {
            "combo": "seed999+seed777+seed2025",
            "models": [
                "seed999",
                "seed777",
                "seed2025"
            ],
            "dev_threshold": 0.5599999999999997,
            "dev": {
                "accuracy": 0.8066666666666666,
                "auc": 0.8806222222222223,
                "precision": 0.8108108108108109,
                "recall": 0.8,
                "f1": 0.8053691275167785,
                "macro_f1": 0.806658073692164,
                "balanced_accuracy": 0.8066666666666666,