{
    "best_threshold": 0.32999999999999985,
    "dev_auc": 0.9082666666666667,
    "dev_f1": 0.8553459119496856,
    "dev_acc": 0.8466666666666667
}