{
    "best_threshold": 0.6199999999999998,
    "dev_auc": 0.8927111111111112,
    "dev_f1": 0.8333333333333334,
    "dev_acc": 0.8266666666666667
}