{
    "best_threshold": 0.11,
    "dev_auc": 0.8095111111111111,
    "dev_f1": 0.7412587412587412,
    "dev_acc": 0.7533333333333333,
    "dev_macro_f1": 0.752794975724912,
    "dev_balanced_acc": 0.7533333333333334
}