{
    "best_threshold": 0.5499999999999998,
    "dev_auc": 0.8642666666666667,
    "dev_f1": 0.8,
    "dev_acc": 0.8133333333333334
}