{
    "best_threshold": 0.5,
    "dev_auc": 0.8754666666666666,
    "dev_f1": 0.7808219178082192,
    "dev_acc": 0.7866666666666666
}