{
    "best_threshold": 0.7299999999999996,
    "dev_auc": 0.7925333333333333,
    "dev_f1": 0.75,
    "dev_acc": 0.7733333333333333
}