{
    "best_threshold": 0.8099999999999996,
    "dev_auc": 0.8851555555555557,
    "dev_f1": 0.8301886792452831,
    "dev_acc": 0.82
}