{
    "best_threshold": 0.45999999999999985,
    "dev_auc": 0.7776888888888889,
    "dev_f1": 0.7480916030534351,
    "dev_acc": 0.78
}