{
    "loss": 0.5745020556201538,
    "accuracy": 0.7866666666666666,
    "auc": 0.8545777777777778,
    "precision": 0.7866666666666666,
    "recall": 0.7866666666666666,
    "f1": 0.7866666666666666,
    "threshold": 0.6199999999999998,
    "confusion_matrix": [
        [
            59,
            16
        ],
        [
            16,
            59
        ]
    ]
}