{
    "best_threshold": 0.3199999999999999,
    "dev_auc": 0.8761777777777778,
    "dev_f1": 0.8129032258064516,
    "dev_acc": 0.8066666666666666
}