{
    "loss": 0.7101461243629456,
    "accuracy": 0.8466666666666667,
    "auc": 0.9083555555555556,
    "precision": 0.8714285714285714,
    "recall": 0.8133333333333334,
    "f1": 0.8413793103448276,
    "threshold": 0.3199999999999999,
    "confusion_matrix": [
        [
            66,
            9
        ],
        [
            14,
            61
        ]
    ]
}